filename,ref_text
"2E0O.jpg',","membantu memelihara
kesehatan tulang
Suplemen makanan No.Reg. POM SD 191555121
Dibuat oleh : PT. Vitabiotics Healthcare, Bandung
Grup perusahaan :
VITABIOTICS LTD., London-Inggris
VITABIOTICS (Owners of ® Trademark)
Osteocare®
Tablet Salut Selaput
KALSIUM, MAGNESIUM, SENG & VITAMIN D3
membantu memelihara
kesehatan tulang
Suplemen makanan No.Reg. POM SD 191555121
Dibuat oleh : PT. Vitabiotics Healthcare, Bandung
Grup perusahaan :
VITABIOTICS LTD., London-Inggris
VITABIOTICS (Owners of ® Trademark)
Osteocare®
Tablet Salut Selaput"
"2E0W.jpg',","WELLNESS®
VITAMIN D3
400 I.U.
D3
Suplemen Kesehatan
60
softgels"
"2E0X.jpg',","TABLET HISAP
XonCe Rasa XonCe
Jeruk
VITAMIN C - 500 mg VITAMIN C - 500 mg
TABLET HISAP
XonCe Rasa XonCe
Jeruk
VITAMIN C - 500 mg VITAMIN C - 500 mg"
"2E1O.jpg',","membantu memelihara
kesehatan tulang
Suplemen makanan No.Reg. POM SD 191555121
Dibuat oleh : PT. Vitabiotics Healthcare, Bandung
Grup perusahaan :
VITABIOTICS LTD., London-Inggris
VITABIOTICS (Owners of ® Trademark)
Osteocare®
Tablet Salut Selaput
KALSIUM, MAGNESIUM, SENG & VITAMIN D3
membantu memelihara
kesehatan tulang
Suplemen makanan No.Reg. POM SD 191555121
Dibuat oleh : PT. Vitabiotics Healthcare, Bandung
Grup perusahaan :
VITABIOTICS LTD., London-Inggris
VITABIOTICS (Owners of ® Trademark)
Osteocare®
Tablet Salut Selaput"
"2E1W.jpg',","WELLNESS®
VITAMIN D3
400 I.U.
D3
Suplemen Kesehatan
60
softgels"
"2E1X.jpg',","TABLET HISAP
XonCe Rasa XonCe
Jeruk
VITAMIN C - 500 mg VITAMIN C - 500 mg
TABLET HISAP
XonCe Rasa XonCe
Jeruk
VITAMIN C - 500 mg VITAMIN C - 500 mg"
"2E2O.jpg',","membantu memelihara
kesehatan tulang
Suplemen makanan No.Reg. POM SD 191555121
Dibuat oleh : PT. Vitabiotics Healthcare, Bandung
Grup perusahaan :
VITABIOTICS LTD., London-Inggris
VITABIOTICS (Owners of ® Trademark)
Osteocare®
Tablet Salut Selaput
KALSIUM, MAGNESIUM, SENG & VITAMIN D3
membantu memelihara
kesehatan tulang
Suplemen makanan No.Reg. POM SD 191555121
Dibuat oleh : PT. Vitabiotics Healthcare, Bandung
Grup perusahaan :
VITABIOTICS LTD., London-Inggris
VITABIOTICS (Owners of ® Trademark)
Osteocare®
Tablet Salut Selaput"
"2E2W.jpg',","WELLNESS®
VITAMIN D3
400 I.U.
D3
Suplemen Kesehatan
60
softgels"
"2E2X.jpg',","TABLET HISAP
XonCe Rasa XonCe
Jeruk
VITAMIN C - 500 mg VITAMIN C - 500 mg
TABLET HISAP
XonCe Rasa XonCe
Jeruk
VITAMIN C - 500 mg VITAMIN C - 500 mg"
"2E3O.jpg',","membantu memelihara
kesehatan tulang
Suplemen makanan No.Reg. POM SD 191555121
Dibuat oleh : PT. Vitabiotics Healthcare, Bandung
Grup perusahaan :
VITABIOTICS LTD., London-Inggris
VITABIOTICS (Owners of ® Trademark)
Osteocare®
Tablet Salut Selaput
KALSIUM, MAGNESIUM, SENG & VITAMIN D3
membantu memelihara
kesehatan tulang
Suplemen makanan No.Reg. POM SD 191555121
Dibuat oleh : PT. Vitabiotics Healthcare, Bandung
Grup perusahaan :
VITABIOTICS LTD., London-Inggris
VITABIOTICS (Owners of ® Trademark)
Osteocare®
Tablet Salut Selaput"
"2E3X.jpg',","TABLET HISAP
XonCe Rasa XonCe
Jeruk
VITAMIN C - 500 mg VITAMIN C - 500 mg
TABLET HISAP
XonCe Rasa XonCe
Jeruk
VITAMIN C - 500 mg VITAMIN C - 500 mg"
"2F0O.jpg',","membantu memelihara
kesehatan tulang
Suplemen makanan No.Reg. POM SD 191555121
Dibuat oleh : PT. Vitabiotics Healthcare, Bandung
Grup perusahaan :
VITABIOTICS LTD., London-Inggris
VITABIOTICS (Owners of ® Trademark)
Osteocare®
Tablet Salut Selaput
KALSIUM, MAGNESIUM, SENG & VITAMIN D3
membantu memelihara
kesehatan tulang
Suplemen makanan No.Reg. POM SD 191555121
Dibuat oleh : PT. Vitabiotics Healthcare, Bandung
Grup perusahaan :
VITABIOTICS LTD., London-Inggris
VITABIOTICS (Owners of ® Trademark)
Osteocare®
Tablet Salut Selaput"
"2F0W.jpg',","WELLNESS®
VITAMIN D3
400 I.U.
D3
Suplemen Kesehatan
60
softgels"
"2F0X.jpg',","TABLET HISAP
XonCe Rasa XonCe
Jeruk
VITAMIN C - 500 mg VITAMIN C - 500 mg
TABLET HISAP
XonCe Rasa XonCe
Jeruk
VITAMIN C - 500 mg VITAMIN C - 500 mg"
"2F1O.jpg',","membantu memelihara
kesehatan tulang
Suplemen makanan No.Reg. POM SD 191555121
Dibuat oleh : PT. Vitabiotics Healthcare, Bandung
Grup perusahaan :
VITABIOTICS LTD., London-Inggris
VITABIOTICS (Owners of ® Trademark)
Osteocare®
Tablet Salut Selaput
KALSIUM, MAGNESIUM, SENG & VITAMIN D3
membantu memelihara
kesehatan tulang
Suplemen makanan No.Reg. POM SD 191555121
Dibuat oleh : PT. Vitabiotics Healthcare, Bandung
Grup perusahaan :
VITABIOTICS LTD., London-Inggris
VITABIOTICS (Owners of ® Trademark)
Osteocare®
Tablet Salut Selaput"
"2F1W.jpg',","WELLNESS®
VITAMIN D3
400 I.U.
D3
Suplemen Kesehatan
60
softgels"
"2F1X.jpg',","TABLET HISAP
XonCe Rasa XonCe
Jeruk
VITAMIN C - 500 mg VITAMIN C - 500 mg
TABLET HISAP
XonCe Rasa XonCe
Jeruk
VITAMIN C - 500 mg VITAMIN C - 500 mg"
"2F2O.jpg',","membantu memelihara
kesehatan tulang
Suplemen makanan No.Reg. POM SD 191555121
Dibuat oleh : PT. Vitabiotics Healthcare, Bandung
Grup perusahaan :
VITABIOTICS LTD., London-Inggris
VITABIOTICS (Owners of ® Trademark)
Osteocare®
Tablet Salut Selaput
KALSIUM, MAGNESIUM, SENG & VITAMIN D3
membantu memelihara
kesehatan tulang
Suplemen makanan No.Reg. POM SD 191555121
Dibuat oleh : PT. Vitabiotics Healthcare, Bandung
Grup perusahaan :
VITABIOTICS LTD., London-Inggris
VITABIOTICS (Owners of ® Trademark)
Osteocare®
Tablet Salut Selaput"
"2F2W.jpg',","WELLNESS®
VITAMIN D3
400 I.U.
D3
Suplemen Kesehatan
60
softgels"
"2F2X.jpg',","TABLET HISAP
XonCe Rasa XonCe
Jeruk
VITAMIN C - 500 mg VITAMIN C - 500 mg
TABLET HISAP
XonCe Rasa XonCe
Jeruk
VITAMIN C - 500 mg VITAMIN C - 500 mg"
"2F3O.jpg',","membantu memelihara
kesehatan tulang
Suplemen makanan No.Reg. POM SD 191555121
Dibuat oleh : PT. Vitabiotics Healthcare, Bandung
Grup perusahaan :
VITABIOTICS LTD., London-Inggris
VITABIOTICS (Owners of ® Trademark)
Osteocare®
Tablet Salut Selaput
KALSIUM, MAGNESIUM, SENG & VITAMIN D3
membantu memelihara
kesehatan tulang
Suplemen makanan No.Reg. POM SD 191555121
Dibuat oleh : PT. Vitabiotics Healthcare, Bandung
Grup perusahaan :
VITABIOTICS LTD., London-Inggris
VITABIOTICS (Owners of ® Trademark)
Osteocare®
Tablet Salut Selaput"
"2F3X.jpg',","TABLET HISAP
XonCe Rasa XonCe
Jeruk
VITAMIN C - 500 mg VITAMIN C - 500 mg
TABLET HISAP
XonCe Rasa XonCe
Jeruk
VITAMIN C - 500 mg VITAMIN C - 500 mg"
"2L0O.jpg',","membantu memelihara
kesehatan tulang
Suplemen makanan No.Reg. POM SD 191555121
Dibuat oleh : PT. Vitabiotics Healthcare, Bandung
Grup perusahaan :
VITABIOTICS LTD., London-Inggris
VITABIOTICS (Owners of ® Trademark)
Osteocare®
Tablet Salut Selaput
KALSIUM, MAGNESIUM, SENG & VITAMIN D3
membantu memelihara
kesehatan tulang
Suplemen makanan No.Reg. POM SD 191555121
Dibuat oleh : PT. Vitabiotics Healthcare, Bandung
Grup perusahaan :
VITABIOTICS LTD., London-Inggris
VITABIOTICS (Owners of ® Trademark)
Osteocare®
Tablet Salut Selaput"
"2L0W.jpg',","WELLNESS®
VITAMIN D3
400 I.U.
D3
Suplemen Kesehatan
60
softgels"
"2L0X.jpg',","TABLET HISAP
XonCe Rasa XonCe
Jeruk
VITAMIN C - 500 mg VITAMIN C - 500 mg
TABLET HISAP
XonCe Rasa XonCe
Jeruk
VITAMIN C - 500 mg VITAMIN C - 500 mg"
"2L2O.jpg',","membantu memelihara
kesehatan tulang
Suplemen makanan No.Reg. POM SD 191555121
Dibuat oleh : PT. Vitabiotics Healthcare, Bandung
Grup perusahaan :
VITABIOTICS LTD., London-Inggris
VITABIOTICS (Owners of ® Trademark)
Osteocare®
Tablet Salut Selaput
KALSIUM, MAGNESIUM, SENG & VITAMIN D3
membantu memelihara
kesehatan tulang
Suplemen makanan No.Reg. POM SD 191555121
Dibuat oleh : PT. Vitabiotics Healthcare, Bandung
Grup perusahaan :
VITABIOTICS LTD., London-Inggris
VITABIOTICS (Owners of ® Trademark)
Osteocare®
Tablet Salut Selaput"
"2L2W.jpg',","WELLNESS®
VITAMIN D3
400 I.U.
D3
Suplemen Kesehatan
60
softgels"
"2L2X.jpg',","TABLET HISAP
XonCe Rasa XonCe
Jeruk
VITAMIN C - 500 mg VITAMIN C - 500 mg
TABLET HISAP
XonCe Rasa XonCe
Jeruk
VITAMIN C - 500 mg VITAMIN C - 500 mg"
"2L3O.jpg',","membantu memelihara
kesehatan tulang
Suplemen makanan No.Reg. POM SD 191555121
Dibuat oleh : PT. Vitabiotics Healthcare, Bandung
Grup perusahaan :
VITABIOTICS LTD., London-Inggris
VITABIOTICS (Owners of ® Trademark)
Osteocare®
Tablet Salut Selaput
KALSIUM, MAGNESIUM, SENG & VITAMIN D3
membantu memelihara
kesehatan tulang
Suplemen makanan No.Reg. POM SD 191555121
Dibuat oleh : PT. Vitabiotics Healthcare, Bandung
Grup perusahaan :
VITABIOTICS LTD., London-Inggris
VITABIOTICS (Owners of ® Trademark)
Osteocare®
Tablet Salut Selaput"
"2L3X.jpg',","TABLET HISAP
XonCe Rasa XonCe
Jeruk
VITAMIN C - 500 mg VITAMIN C - 500 mg
TABLET HISAP
XonCe Rasa XonCe
Jeruk
VITAMIN C - 500 mg VITAMIN C - 500 mg"
"2R0O.jpg',","membantu memelihara
kesehatan tulang
Suplemen makanan No.Reg. POM SD 191555121
Dibuat oleh : PT. Vitabiotics Healthcare, Bandung
Grup perusahaan :
VITABIOTICS LTD., London-Inggris
VITABIOTICS (Owners of ® Trademark)
Osteocare®
Tablet Salut Selaput
KALSIUM, MAGNESIUM, SENG & VITAMIN D3
membantu memelihara
kesehatan tulang
Suplemen makanan No.Reg. POM SD 191555121
Dibuat oleh : PT. Vitabiotics Healthcare, Bandung
Grup perusahaan :
VITABIOTICS LTD., London-Inggris
VITABIOTICS (Owners of ® Trademark)
Osteocare®
Tablet Salut Selaput"
"2R0W.jpg',","WELLNESS®
VITAMIN D3
400 I.U.
D3
Suplemen Kesehatan
60
softgels"
"2R0X.jpg',","TABLET HISAP
XonCe Rasa XonCe
Jeruk
VITAMIN C - 500 mg VITAMIN C - 500 mg
TABLET HISAP
XonCe Rasa XonCe
Jeruk
VITAMIN C - 500 mg VITAMIN C - 500 mg"
"2R2O.jpg',","membantu memelihara
kesehatan tulang
Suplemen makanan No.Reg. POM SD 191555121
Dibuat oleh : PT. Vitabiotics Healthcare, Bandung
Grup perusahaan :
VITABIOTICS LTD., London-Inggris
VITABIOTICS (Owners of ® Trademark)
Osteocare®
Tablet Salut Selaput
KALSIUM, MAGNESIUM, SENG & VITAMIN D3
membantu memelihara
kesehatan tulang
Suplemen makanan No.Reg. POM SD 191555121
Dibuat oleh : PT. Vitabiotics Healthcare, Bandung
Grup perusahaan :
VITABIOTICS LTD., London-Inggris
VITABIOTICS (Owners of ® Trademark)
Osteocare®
Tablet Salut Selaput"
"2R2W.jpg',","WELLNESS®
VITAMIN D3
400 I.U.
D3
Suplemen Kesehatan
60
softgels"
"2R2X.jpg',","TABLET HISAP
XonCe Rasa XonCe
Jeruk
VITAMIN C - 500 mg VITAMIN C - 500 mg
TABLET HISAP
XonCe Rasa XonCe
Jeruk
VITAMIN C - 500 mg VITAMIN C - 500 mg"
"2R3O.jpg',","membantu memelihara
kesehatan tulang
Suplemen makanan No.Reg. POM SD 191555121
Dibuat oleh : PT. Vitabiotics Healthcare, Bandung
Grup perusahaan :
VITABIOTICS LTD., London-Inggris
VITABIOTICS (Owners of ® Trademark)
Osteocare®
Tablet Salut Selaput
KALSIUM, MAGNESIUM, SENG & VITAMIN D3
membantu memelihara
kesehatan tulang
Suplemen makanan No.Reg. POM SD 191555121
Dibuat oleh : PT. Vitabiotics Healthcare, Bandung
Grup perusahaan :
VITABIOTICS LTD., London-Inggris
VITABIOTICS (Owners of ® Trademark)
Osteocare®
Tablet Salut Selaput"
"2R3X.jpg',","TABLET HISAP
XonCe Rasa XonCe
Jeruk
VITAMIN C - 500 mg VITAMIN C - 500 mg
TABLET HISAP
XonCe Rasa XonCe
Jeruk
VITAMIN C - 500 mg VITAMIN C - 500 mg"